{
  "duration_seconds": 111.15000915527344,
  "max_memory_mb": 539.953125,
  "avg_memory_mb": 486.4908288043478,
  "avg_cpu_percent": 1.8429347826086957,
  "max_cpu_percent": 16.9
}