{
  "duration_seconds": 0.09141302108764648,
  "max_memory_mb": 541.109375,
  "avg_memory_mb": 541.109375,
  "avg_cpu_percent": 59.7,
  "max_cpu_percent": 59.7
}