{
  "duration_seconds": 0.027243852615356445,
  "max_memory_mb": 496.265625,
  "avg_memory_mb": 496.265625,
  "avg_cpu_percent": 20.3,
  "max_cpu_percent": 20.3
}